{
  "estaciones": [
    {"nombre": "A", "tipo": "metro"},
    {"nombre": "B", "tipo": "bus"},
    {"nombre": "C", "tipo": "intermodal"},
    {"nombre": "D", "tipo": "metro"}
  ],
  "rutas": [
    {"origen": "A", "destino": "B", "tiempo": 10},
    {"origen": "B", "destino": "A", "tiempo": 10},

    {"origen": "A", "destino": "C", "tiempo": 15},
    {"origen": "C", "destino": "A", "tiempo": 15},

    {"origen": "B", "destino": "D", "tiempo": 20},
    {"origen": "D", "destino": "B", "tiempo": 20},

    {"origen": "C", "destino": "D", "tiempo": 30},
    {"origen": "D", "destino": "C", "tiempo": 30}
  ]
}
